{
    "omega": [
        0.8295581690879604,
        0.12192014381787,
        -0.2736623153821008,
        0.3206203189293103,
        -0.004131815715346939,
        -0.0399833139874357,
        -0.9102943139380623,
        -0.8845137820727906
    ],
    "bias": 2.077350641957363,
    "eta": 0.15,
    "Number of iterations": 1000,
    "lm": 0.02,
    "feature_names": [
        "MedInc",
        "HouseAge",
        "AveRooms",
        "AveBedrms",
        "Population",
        "AveOccup",
        "Latitude",
        "Longitude"
    ],
    "trained_on": "2026-02-03 13:19:37.089744",
    "mse_on_train": 0.5232624469074074,
    "mse_on_test": 0.52914022942015
}